Created At,Starts At,Waiting time in days,Office Group Name,Office Name,Name (Funders),Outreach
01/04/2022,05/04/2022,4,The Shire,Bree,Hobbit Appointments,
01/04/2022,05/04/2022,4,The Shire,Bree,Hobbit Appointments,
01/04/2022,05/04/2022,4,Elrond's realm,Riverdale,Hobbit Appointments,
01/04/2022,05/04/2022,4,The Shire,Bree,Hobbit Appointments,
01/04/2022,05/04/2022,4,The Shire,Bree,Hobbit Appointments,
01/04/2022,05/04/2022,4,The Shire,Bree,Hobbit Appointments,
01/04/2022,05/04/2022,4,Elrond's realm,Riverdale,Hobbit Appointments,
01/04/2022,05/04/2022,4,The Shire,Hobbiton,Hobbit Appointments,
01/04/2022,05/04/2022,4,Man's Lands,Gondor,Hobbit Appointments,
01/04/2022,05/04/2022,4,Man's Lands,Gondor,Hobbit Appointments,
01/04/2022,05/04/2022,4,Man's Lands,Gondor,Hobbit Appointments,
01/04/2022,05/04/2022,4,The Shire,Hobbiton,Hobbit Appointments,
01/04/2022,05/04/2022,4,The Shire,Bree,Hobbit Appointments,
01/04/2022,05/04/2022,4,Elrond's realm,Riverdale,Hobbit Appointments,
01/04/2022,05/04/2022,4,The Shire,Bree,Hobbit Appointments,
01/04/2022,05/04/2022,4,The Shire,Bree,Hobbit Appointments,
01/04/2022,05/04/2022,4,The Shire,Hobbiton,Hobbit Appointments,
01/04/2022,05/04/2022,4,Man's Lands,Rohan,Hobbit Appointments,
01/04/2022,05/04/2022,4,Man's Lands,Rohan,Hobbit Appointments,
01/04/2022,05/04/2022,4,The Shire,Hobbiton,Hobbit Appointments,
01/04/2022,05/04/2022,4,Elrond's realm,Riverdale,Hobbit Appointments,
01/04/2022,05/04/2022,4,The Shire,Bree,Hobbit Appointments,
01/04/2022,05/04/2022,4,The Shire,Bree,Hobbit Appointments,
01/04/2022,05/04/2022,4,Elrond's realm,Riverdale,Hobbit Appointments,
01/04/2022,05/04/2022,4,The Shire,Bree,Hobbit Appointments,
01/04/2022,05/04/2022,4,The Shire,Bree,Hobbit Appointments,
01/04/2022,05/04/2022,4,The Shire,Bree,Hobbit Appointments,
01/04/2022,05/04/2022,4,The Shire,Hobbiton,Hobbit Appointments,
01/04/2022,05/04/2022,4,The Shire,Hobbiton,Hobbit Appointments,
01/04/2022,05/04/2022,4,The Shire,Hobbiton,Hobbit Appointments,
01/04/2022,05/04/2022,4,The Shire,Hobbiton,Hobbit Appointments,
01/04/2022,05/04/2022,4,The Shire,Hobbiton,Hobbit Appointments,
01/04/2022,06/04/2022,5,The Shire,Hobbiton,Hobbit Appointments,
01/04/2022,06/04/2022,5,The Shire,Hobbiton,Hobbit Appointments,